id,route,status,timestamp
0,Sadiqabad-KHI,PASS,Tue Feb 10 03:14:05 2026
1,LHR-Sadiqabad,PASS,Tue Feb 10 03:14:05 2026
2,Sadiqabad-KHI,PASS,Tue Feb 10 03:14:05 2026
3,LHR-Sadiqabad,PASS,Tue Feb 10 03:14:05 2026
4,Sadiqabad-KHI,PASS,Tue Feb 10 03:14:06 2026
5,LHR-Sadiqabad,PASS,Tue Feb 10 03:14:06 2026
6,Sadiqabad-KHI,PASS,Tue Feb 10 03:14:06 2026
7,LHR-Sadiqabad,PASS,Tue Feb 10 03:14:06 2026
8,Sadiqabad-KHI,PASS,Tue Feb 10 03:14:06 2026
9,LHR-Sadiqabad,PASS,Tue Feb 10 03:14:07 2026
10,Sadiqabad-KHI,PASS,Tue Feb 10 03:14:05 2026
11,LHR-Sadiqabad,PASS,Tue Feb 10 03:14:05 2026
12,Sadiqabad-KHI,PASS,Tue Feb 10 03:14:05 2026
13,LHR-Sadiqabad,PASS,Tue Feb 10 03:14:05 2026
14,Sadiqabad-KHI,PASS,Tue Feb 10 03:14:06 2026
15,LHR-Sadiqabad,PASS,Tue Feb 10 03:14:06 2026
16,Sadiqabad-KHI,PASS,Tue Feb 10 03:14:06 2026
17,LHR-Sadiqabad,PASS,Tue Feb 10 03:14:06 2026
18,Sadiqabad-KHI,PASS,Tue Feb 10 03:14:06 2026
19,LHR-Sadiqabad,PASS,Tue Feb 10 03:14:07 2026
20,Sadiqabad-KHI,PASS,Tue Feb 10 03:14:05 2026
21,LHR-Sadiqabad,PASS,Tue Feb 10 03:14:05 2026
22,Sadiqabad-KHI,PASS,Tue Feb 10 03:14:05 2026
23,LHR-Sadiqabad,PASS,Tue Feb 10 03:14:05 2026
24,Sadiqabad-KHI,PASS,Tue Feb 10 03:14:06 2026
25,LHR-Sadiqabad,PASS,Tue Feb 10 03:14:06 2026
26,Sadiqabad-KHI,PASS,Tue Feb 10 03:14:06 2026
27,LHR-Sadiqabad,PASS,Tue Feb 10 03:14:06 2026
28,Sadiqabad-KHI,PASS,Tue Feb 10 03:14:06 2026
29,LHR-Sadiqabad,PASS,Tue Feb 10 03:14:07 2026
30,Sadiqabad-KHI,PASS,Tue Feb 10 03:14:05 2026
31,LHR-Sadiqabad,PASS,Tue Feb 10 03:14:05 2026
32,Sadiqabad-KHI,PASS,Tue Feb 10 03:14:05 2026
33,LHR-Sadiqabad,PASS,Tue Feb 10 03:14:05 2026
34,Sadiqabad-KHI,PASS,Tue Feb 10 03:14:06 2026
35,LHR-Sadiqabad,PASS,Tue Feb 10 03:14:06 2026
36,Sadiqabad-KHI,PASS,Tue Feb 10 03:14:06 2026
37,LHR-Sadiqabad,PASS,Tue Feb 10 03:14:06 2026
38,Sadiqabad-KHI,PASS,Tue Feb 10 03:14:06 2026
39,LHR-Sadiqabad,PASS,Tue Feb 10 03:14:07 2026
